ID,Reason for absence,Month of absence,Day of the week,Seasons,Transportation expense,Distance from Residence to Work,Service time,Age,Work load Average/day,Hit target,Disciplinary failure,Education,Son,Social drinker,Social smoker,Pet,Weight,Height,Body mass index,Absenteeism time in hours
11.0,26,7,3,1,289,36,13,33,239.554,97,0,1,2,1,0,1,90,172,30,4
36.0,0,7,3,1,118,13,18,50,239.554,97,1,1,1,1,0,0,98,178,31,0
3.0,23,7,4,1,179,51,18,38,239.554,97,0,1,0,1,0,0,89,170,31,2
7.0,7,7,5,1,279,5,14,39,239.554,97,0,1,2,1,1,0,68,168,24,4
11.0,23,7,65,1,289,36,13,33,239.554,97,0,1,2,1,0,1,90,172,30,2
3.0,23,7,7,1,179,51,18,38,239.554,97,0,1,0,1,0,0,89,170,31,16
10.0,22,7,6,1,361,52,3,28,239.554,97,0,1,1,1,0,6,80,172,27,8
20.0,23,7,6,1,260,50,11,36,239.554,97,0,1,4,1,0,0,65,168,23,4
14.0,19,7,2,1,155,12,14,34,239.554,97,0,1,2,1,0,0,95,196,25,40
1.0,22,7,2,1,235,11,14,37,239.554,97,0,3,1,0,0,1,88,172,29,8
20.0,1,7,2,1,580,50,11,36,239.554,97,0,1,4,1,0,0,65,168,23,8
20.0,1,7,3,1,260,50,11,36,239.554,97,0,1,4,1,0,0,65,168,23,8
20.0,11,7,4,1,260,50,11,36,239.554,97,0,1,4,1,0,0,65,168,23,8
3.0,11,7,4,1,2327,51,18,38,239.554,97,0,1,0,996,0,0,89,170,31,1
3.0,23,7,4,1,179,51,18,38,239.554,97,0,1,0,1,0,0,89,170,31,4
24.0,14,7,6,1,246,25,16,41,239.554,97,0,1,0,1,0,0,67,170,23,8
3.0,23,7,6,1,179,51,18,38,239.554,97,0,1,0,1,0,0,89,170,507,16
6.0,11,7,5,1,189,29,13,33,7665.728,97,2,1,2,265,0,2,69,167,25,8
33.0,23,8,4,1,248,25,14,47,205.917,92,0,1,2,0,0,1,86,165,32,2
18.0,10,8,4,1,330,16,4,28,205.917,92,0,2,0,0,0,0,84,182,25,8
3.0,11,8,2,1,179,51,18,38,205.917,92,0,1,0,1,0,0,89,170,31,1
10.0,13,8,2,1,361,52,3,28,205.917,92,0,1,1,1,0,4,80,172,27,40
20.0,28,8,6,1,260,50,11,36,205.917,119,0,1,4,1,0,0,65,168,23,4
11.0,18,8,2,866,289,36,13,33,205.917,92,0,1,2,1,0,1,90,172,30,8
10.0,25,8,2,1,361,52,3,28,205.917,92,0,1,1,1,0,4,80,172,27,7
11.0,23,8,3,1,289,36,13,33,205.917,92,2,1,2,1,0,1,90,172,30,1
30.0,28,8,4,1,157,27,6,29,205.917,92,0,1,0,1,1,0,75,185,22,4
11.0,18,8,4,1,289,36,13,47,205.917,92,0,1,2,1,0,1,90,172,30,8
3.0,23,8,6,1,179,51,18,38,205.917,92,0,1,0,1,0,0,89,170,31,2
3.0,18,8,2,1,179,51,18,38,205.917,92,0,1,0,1,0,0,89,170,31,8
2.0,18,8,5,1,235,29,12,48,205.917,92,0,1,1,0,1,5,88,163,33,8
1.0,23,8,5,1,235,11,14,37,205.917,92,0,3,1,0,0,1,88,172,29,4
2.0,18,8,2,963,235,29,12,48,264.604,92,0,1,1,0,1,5,88,163,33,680
3.0,23,8,2,1,179,51,18,38,205.917,92,0,1,0,1,0,0,89,170,31,2
10.0,23,8,2,1,361,52,3,28,205.917,92,0,1,1,1,0,4,80,172,27,1
11.0,24,8,3,1,289,36,13,33,205.917,92,0,1,2,1,0,1,90,172,30,8
19.0,11,8,5,1,291,50,12,32,205.917,92,0,1,0,1,0,0,65,169,23,4
2.0,28,8,6,1,235,29,12,48,205.917,92,0,1,1,0,1,5,88,163,33,8
20.0,23,8,6,1,260,50,11,36,205.917,92,0,1,4,1,0,0,65,168,23,4
27.0,23,9,3,1,184,42,7,27,241.476,92,0,1,0,0,0,0,58,167,21,2
34.0,23,9,2,1,118,10,10,37,241.476,92,0,1,0,0,0,0,83,172,28,4
3.0,23,9,3,1,179,51,18,38,241.476,92,0,1,0,1,0,0,89,170,31,4
5.0,27,9,3,1,235,20,13,43,241.476,92,2,1,1,1,0,0,106,167,38,8
14.0,23,9,4,1,155,12,14,34,241.476,92,0,1,2,1,0,0,95,196,25,2
34.0,23,9,2,1,118,10,10,37,241.476,92,0,1,0,0,0,0,83,172,28,3
3.0,23,9,3,1,179,51,18,38,241.476,92,0,1,0,1,0,0,89,170,31,3
15.0,23,9,5,1,291,31,12,40,241.476,92,0,1,1,1,0,1,73,171,25,4
20.0,22,9,6,1,260,50,16,36,241.476,92,0,1,4,1,0,0,65,168,23,8
15.0,14,9,2,4,291,31,12,40,241.476,92,0,1,1,1,0,1,73,171,25,32
20.0,0,9,2,4,260,50,11,36,241.476,92,1,1,4,1,0,0,65,168,23,0
29.0,0,9,2,4,225,26,9,28,241.476,119,1,1,1,0,0,2,698,169,24,0
28.0,23,9,3,4,225,26,9,28,241.476,92,0,1,1,0,0,2,69,169,24,2
34.0,23,9,3,4,118,10,10,37,241.476,92,0,1,0,0,0,0,83,172,28,2
11.0,0,9,3,4,289,36,13,33,241.476,92,1,1,2,1,0,1,90,172,30,0
36.0,0,9,3,4,118,13,18,50,241.476,92,1,1,1,1,0,0,98,178,31,0
28.0,18,9,4,4,225,26,9,28,241.476,92,0,1,1,0,0,2,69,169,24,3
3.0,23,9,4,4,179,51,18,38,241.476,92,0,1,0,1,0,6,89,170,31,3
13.0,0,9,4,4,369,17,12,31,241.476,92,1,1,3,1,0,0,70,169,25,0
33.0,23,9,6,4,248,25,14,47,264.604,92,0,1,2,0,0,1,86,165,32,1
3.0,23,9,6,4,179,51,18,38,241.476,92,0,46,0,1,0,0,89,170,31,3
20.0,23,9,6,4,260,50,11,36,241.476,92,0,1,4,1,0,0,65,168,23,4
3.0,23,10,3,4,179,51,18,38,253.465,93,0,1,0,1,0,0,89,170,31,3
34.0,23,10,3,4,118,10,10,37,253.465,93,0,1,0,0,0,0,888,172,28,3
36.0,0,10,4,4,118,13,18,50,253.465,93,1,1,1,1,0,0,98,178,31,0
22.0,23,10,5,4,179,26,9,30,253.465,93,0,3,0,0,0,0,56,171,19,1
3.0,23,10,6,4,179,51,18,38,253.465,93,0,1,0,1,0,0,89,170,31,3
28.0,23,10,6,4,225,26,9,28,253.465,93,2,1,1,0,0,2,69,169,24,3
34.0,23,10,3,4,118,10,10,37,253.465,93,0,1,0,0,0,6,83,11180,28,3
28.0,23,10,4,4,225,26,9,28,253.465,93,0,1,1,3,0,2,69,169,24,2
33.0,23,10,4,4,248,25,14,47,253.465,93,0,1,2,0,0,1,86,165,32,2
15.0,23,10,5,4,890,31,12,40,253.465,93,0,1,1,1,0,1,73,171,25,5
3.0,23,10,4,4,179,51,18,38,253.465,93,0,1,0,1,0,0,89,170,31,8
28.0,23,10,4,4,225,26,9,28,253.465,93,0,1,3,0,0,2,69,169,24,3
20.0,19,10,5,4,260,50,11,36,253.465,93,0,1,4,1,0,0,65,168,23,16
15.0,14,10,3,4,291,31,12,40,253.465,93,0,1,1,1,0,1,73,171,25,8
28.0,28,10,3,4,225,26,9,28,253.465,93,0,1,1,0,0,2,69,169,24,2
11.0,26,10,4,4,289,36,13,33,253.465,93,0,1,2,1,0,1,90,172,30,8
10.0,23,10,6,4,361,52,3,28,253.465,93,0,1,1,1,0,4,80,172,27,1
20.0,28,10,6,4,1125,50,11,36,253.465,93,0,1,4,1,0,0,65,223,23,3
3.0,23,11,5,4,179,51,18,38,306.345,93,0,1,0,1,0,0,89,170,31,1
28.0,23,11,4,4,225,26,9,28,306.345,93,0,1,1,0,0,2,69,169,24,1
3.0,13,11,5,4,179,769,18,38,306.345,93,0,1,0,1,0,0,89,170,31,8
17.0,21,11,5,4,179,22,17,40,306.345,93,0,2,2,0,1,0,63,170,22,8
15.0,23,11,5,4,291,31,12,40,306.345,93,0,1,1,1,0,1,73,171,25,5
14.0,878,11,2,4,155,12,14,34,306.345,93,0,1,2,1,0,0,95,196,25,32
6.0,22,11,2,4,189,29,13,33,306.345,93,0,1,2,0,0,6,69,167,25,8
15.0,14,11,2,643,291,31,12,40,306.345,93,0,1,1,1,0,1,73,171,25,40
28.0,23,11,4,4,225,26,9,28,306.345,93,0,1,1,0,0,2,69,169,24,1
14.0,6,11,6,4,155,12,14,34,306.345,93,0,1,2,1,0,0,95,196,25,8
28.0,23,11,4,4,225,26,16,28,306.345,93,0,1,1,0,0,2,69,169,24,3
17.0,21,11,4,4,179,22,194,40,306.345,93,0,2,2,0,1,0,63,170,22,8
28.0,13,11,318,4,225,26,9,28,306.345,93,0,1,1,0,0,2,69,169,24,3
20.0,28,11,6,4,260,50,11,36,306.345,93,0,1,4,1,0,0,65,168,23,502
33.0,28,11,2,4,248,25,14,47,306.345,93,0,1,2,0,0,1,86,165,32,1
28.0,28,11,3,4,273,26,9,28,306.345,93,0,1,1,0,0,2,69,169,24,3
11.0,7,11,4,4,289,36,13,33,306.345,93,0,1,2,1,0,1,90,172,30,24
15.0,23,11,5,4,291,31,12,40,306.345,93,0,1,1,1,0,1,118,171,25,3
33.0,23,12,3,4,248,25,14,47,261.306,97,0,1,2,0,0,1,86,7755,32,1
34.0,19,12,3,4,118,10,10,538,261.306,97,0,486,0,0,0,0,83,172,28,64
36.0,23,12,4,4,118,13,18,50,261.306,97,0,1,1,1,0,0,98,178,31,2
1.0,26,12,4,4,235,11,14,37,261.306,97,0,3,1,0,0,1,88,172,29,8
28.0,23,12,5,4,225,26,9,28,261.306,97,0,1,1,0,0,2,69,169,24,2
20.0,26,12,6,4,260,50,11,36,261.306,97,0,1,4,1,0,0,65,168,23,8
34.0,19,12,3,4,118,10,10,37,261.306,97,0,1,0,0,0,0,83,172,28,56
10.0,22,11,4,4,361,52,3,28,261.306,119,0,1,1,1,0,4,80,172,27,8
28.0,28,12,5,4,225,26,9,28,261.306,97,0,1,1,0,0,2,69,169,24,3
28.0,23,12,3,986,225,26,9,28,261.306,97,0,1,1,0,0,2,69,169,24,2
10.0,22,12,4,4,361,52,3,28,261.306,97,0,1,1,1,0,4,80,172,27,8
34.0,27,12,6,4,118,10,10,37,261.306,97,0,1,0,0,0,0,83,172,28,2
24.0,19,12,6,2,246,25,16,41,261.306,97,0,1,0,66,0,0,67,170,23,8
28.0,23,12,6,2,225,26,9,28,261.306,97,0,1,1,0,0,2,69,169,24,2
28.0,23,1,4,2,225,26,9,28,308.593,95,0,1,1,0,0,2,69,169,24,1
34.0,19,1,2,2,118,10,10,37,308.593,95,0,1,0,0,0,0,83,172,28,16
34.0,27,1,3,2,118,10,10,37,308.593,95,0,97,0,0,0,0,83,172,28,1
14.0,18,1,3,2,273,12,14,34,308.593,95,0,1,2,1,0,0,95,196,25,8
28.0,27,1,4,2,225,26,9,28,308.593,95,0,1,1,0,0,2,69,169,24,2
27.0,23,1,5,2,184,42,7,27,308.593,95,0,1,0,0,0,0,58,167,21,2
28.0,28,1,5,2,225,26,9,28,308.593,95,0,1,1,0,0,2,69,169,24,2
28.0,27,1,6,2,225,26,9,28,308.593,95,0,1,1,0,0,2,69,169,24,1
34.0,27,11,2,2,118,10,10,37,308.593,95,0,1,0,0,0,6,83,172,28,2
28.0,27,1,3,2,225,26,9,28,308.593,95,0,1,1,0,0,2,69,169,24,2
34.0,27,1,3,2,118,10,10,37,308.593,95,0,1,0,0,0,0,83,172,28,2
34.0,27,1,4,2,294,10,16,37,308.593,95,0,1,0,0,0,0,83,172,28,2
34.0,27,1,5,9,118,10,10,37,308.593,95,0,840,0,0,0,0,83,172,28,2
34.0,27,1,6,2,118,10,10,37,308.593,95,0,1,0,0,0,0,83,172,28,2
34.0,27,1,2,2,118,10,10,37,308.593,95,0,1,0,0,0,0,83,172,28,2
34.0,27,11,3,2,118,10,10,37,308.593,95,0,1,0,0,0,0,83,172,28,2
22.0,18,1,3,2,179,26,9,30,308.593,95,0,3,0,0,0,0,56,171,19,8
11.0,18,1,3,2,289,36,13,33,308.593,95,0,1,2,1,0,1,90,172,30,8
34.0,27,1,4,2,118,10,10,37,308.593,95,0,1,151,0,0,0,83,172,28,2
27.0,23,1,5,2,184,42,7,27,308.593,95,0,1,0,0,0,0,58,167,21,2
34.0,27,1,5,2,118,10,10,37,308.593,95,0,1,0,0,0,0,83,172,28,2
34.0,27,1,2,2,118,10,10,37,308.593,95,0,1,0,0,0,0,83,172,28,0
28.0,23,1,3,2,225,26,9,28,308.593,95,0,1,1,0,0,2,69,169,24,1
11.0,22,1,5,2,289,36,689,33,308.593,95,622,1,2,1,0,1,90,172,30,3
27.0,23,2,6,2,184,42,7,27,302.585,99,0,1,0,0,0,0,58,167,21,1
24.0,1,2,4,2,246,25,16,41,302.585,99,0,1,0,1,0,0,67,170,23,8
3.0,11,2,4,2,179,51,18,38,302.585,99,0,1,0,1,0,0,89,170,31,8
14.0,28,2,5,2,155,12,14,34,302.585,99,0,1,2,1,0,0,95,196,25,2
6.0,23,2,5,2,189,29,13,33,302.585,99,0,1,2,0,0,2,69,167,25,8
20.0,28,2,7,2,260,50,11,36,302.585,99,0,1,4,1,0,0,65,168,23,2
11.0,22,2,6,2,289,36,13,33,302.585,99,0,1,2,1,0,1,90,172,30,8
31.0,11,2,2,9,388,15,9,50,302.585,99,0,1,0,0,0,0,76,178,24,8
31.0,1,2,3,2,388,15,9,50,302.585,99,0,1,0,0,0,0,76,178,24,8
28.0,28,2,2,2,225,26,9,28,302.585,99,0,1,1,0,0,6,69,169,24,2
28.0,23,2,3,2,225,26,9,28,302.585,99,0,1,1,0,0,2,69,169,24,2
22.0,23,2,3,2,179,26,9,30,302.585,220,0,3,0,0,0,0,56,171,19,1
27.0,23,2,3,2,184,42,7,27,302.585,99,0,1,0,0,0,0,58,167,21,8
28.0,538,2,5,2,225,26,9,28,302.585,99,0,4,1,0,0,2,69,169,24,3
18.0,18,2,2,2,330,16,4,28,302.585,99,0,2,0,0,0,0,84,182,25,8
18.0,23,2,3,2,330,16,4,28,302.585,99,0,2,0,0,0,0,84,182,25,1
28.0,23,2,4,2,225,26,9,28,302.585,99,0,1,1,0,0,2,69,169,24,1
6.0,19,2,5,2,189,29,13,33,302.585,99,0,1,2,0,0,2,69,167,25,8
19.0,28,3,3,2,291,50,12,32,343.253,95,0,1,0,1,0,0,65,169,23,2
20.0,19,3,3,2,260,50,11,36,343.253,95,0,1,4,1,0,0,65,168,23,8
30.0,19,3,3,2,157,27,6,29,343.253,95,0,1,0,1,1,0,75,185,22,3
17.0,17,3,3,2,179,22,17,40,343.253,95,0,2,2,0,1,0,63,170,22,8
15.0,22,3,4,2,291,31,12,40,343.253,95,0,1,1,1,0,1,73,171,25,8
20.0,13,3,4,2,260,50,11,36,343.253,95,0,1,4,1,0,0,65,168,23,8
33.0,14,3,6,2,248,25,14,47,343.253,95,0,1,2,0,0,1,86,165,32,3
20.0,13,3,6,2,260,50,11,36,343.253,95,0,1,4,1,0,0,65,168,23,40
17.0,11,3,2,2,179,22,17,40,343.253,95,0,2,2,0,1,0,63,170,22,40
14.0,1,3,2,2,155,12,14,34,343.253,95,0,1,2,1,0,0,95,196,25,16
20.0,26,3,2,2,260,50,11,36,343.253,95,0,1,4,1,0,0,65,168,23,16
14.0,13,3,3,2,155,12,14,34,343.253,95,0,1,2,1,0,0,95,196,25,8
11.0,6,3,5,2,289,36,800,33,343.253,95,0,1,2,1,0,1,90,172,30,8
17.0,8,3,5,2,179,22,17,40,343.253,95,0,2,2,0,1,0,63,170,22,8
20.0,28,3,6,2,260,50,11,36,343.253,95,0,1,4,1,0,0,65,168,23,4
28.0,23,3,6,2,225,42,9,28,343.253,95,0,1,1,0,3,2,69,169,24,1
7.0,14,3,2,2,279,5,14,39,343.253,95,0,1,2,1,1,0,68,168,24,8
3.0,13,3,3,2,179,51,18,38,343.253,95,208,1,0,1,0,0,89,170,31,24
28.0,23,3,4,2,225,26,9,28,343.253,95,0,1,1,0,0,2,69,169,24,2
28.0,11,3,2,3,225,26,9,28,343.253,947,0,1,1,0,0,2,69,169,24,8
22.0,13,11,2,3,179,26,9,30,343.253,95,0,3,0,0,0,0,56,171,19,1
28.0,11,3,3,3,225,26,9,28,343.253,95,0,1,1,0,0,2,69,169,24,8
28.0,11,3,4,3,225,26,9,28,343.253,95,0,1,1,0,0,2,69,169,24,16
3.0,13,3,4,3,179,51,18,38,343.253,95,0,1,0,1,0,0,89,170,31,3
7.0,14,3,5,3,279,5,14,39,343.253,95,0,1,3,1,1,0,68,168,24,16
28.0,952,3,6,3,225,26,9,28,343.253,95,0,1,1,0,0,2,69,169,24,2
33.0,14,3,6,3,248,25,14,47,343.253,95,0,1,2,0,0,1,86,165,32,3
28.0,28,3,2,3,225,26,9,28,343.253,95,0,1,1,0,0,2,69,169,24,1
15.0,28,4,4,3,291,31,12,40,326.452,96,0,1,1,1,0,1,73,171,25,1
28.0,23,4,4,3,225,26,9,28,264.604,96,0,1,1,0,0,2,69,169,24,1
14.0,28,4,3,3,155,12,14,34,326.452,96,0,1,2,1,0,0,95,196,25,1
24.0,13,4,4,3,246,25,16,41,326.452,96,0,1,0,1,0,0,67,170,23,24
14.0,23,4,5,3,155,12,14,34,326.452,96,0,1,2,78,0,0,95,196,25,1
28.0,28,4,6,3,225,26,9,28,326.452,96,0,1,1,0,0,2,69,169,24,2
20.0,28,4,6,3,260,50,11,36,326.452,96,0,1,4,1,0,0,65,168,23,4
3.0,13,4,4,3,179,51,18,38,326.452,96,0,1,0,1,0,0,89,170,31,24
36.0,23,4,5,3,118,13,18,50,326.452,96,0,1,1,1,0,0,98,903,31,1
15.0,23,4,6,3,291,31,12,40,326.452,96,0,1,1,1,0,1,73,171,25,3
24.0,14,4,6,3,246,25,16,41,326.452,96,0,1,0,1,0,0,67,170,23,8
15.0,28,4,6,3,291,31,12,40,326.452,96,2,1,1,1,0,1,73,171,25,1
33.0,28,4,6,3,248,25,14,47,326.452,96,0,1,2,0,0,1,86,165,32,8
20.0,19,655,6,3,260,50,11,36,326.452,96,0,1,4,1,0,0,65,168,23,56
11.0,19,4,3,3,289,36,13,33,326.452,96,0,1,2,1,0,1,90,172,30,8
14.0,12,4,4,3,155,12,14,34,326.452,96,0,1,2,1,0,0,95,196,25,24
23.0,19,4,4,3,378,49,11,36,326.452,96,0,1,2,0,1,4,65,174,21,8
11.0,13,4,5,3,289,36,13,33,326.452,96,0,1,2,1,0,1,90,172,30,16
1.0,7,4,6,3,235,11,14,37,326.452,96,0,3,1,0,0,1,88,172,29,3
2.0,0,4,2,3,235,29,12,48,326.452,96,1,1,1,0,1,5,88,163,33,0
11.0,13,5,4,3,289,36,13,33,378.884,92,0,1,2,1,0,1,90,172,30,8
14.0,28,5,5,3,155,12,14,34,378.884,92,0,1,2,1,0,0,95,196,25,2
14.0,28,5,2,3,155,12,14,34,378.884,92,0,1,2,1,0,0,95,196,25,1
3.0,18,5,3,3,179,51,18,38,378.884,92,0,1,0,1,0,0,89,170,31,8
28.0,19,5,3,3,225,26,16,28,378.884,92,0,4,1,0,0,2,69,169,24,8
27.0,7,5,4,3,184,42,16,27,378.884,92,0,1,0,0,0,0,58,167,21,4
14.0,28,5,2,3,155,12,14,34,378.884,92,0,1,2,1,0,0,95,196,819,2
3.0,12,5,3,3,179,51,18,38,378.884,92,0,1,0,1,699,0,89,170,31,1
11.0,13,11,4,3,289,36,13,33,378.884,92,0,1,2,1,0,1,90,172,30,24
7.0,0,5,4,3,279,5,14,39,378.884,92,1,1,2,1,1,0,68,168,24,0
18.0,0,5,4,3,330,16,4,28,378.884,92,1,2,0,0,0,0,84,182,25,0
23.0,0,5,4,3,378,49,11,36,378.884,1656,1,1,2,0,1,4,65,174,21,0
31.0,0,5,4,3,388,15,9,50,378.884,92,1,1,0,0,0,0,76,178,24,0
3.0,11,5,3,3,179,42,18,38,378.884,92,0,1,0,1,0,0,89,170,31,1
36.0,13,5,4,949,118,13,18,50,378.884,92,0,1,1,1,0,0,98,178,31,24
10.0,22,5,6,3,361,52,3,28,378.884,92,0,1,1,1,0,4,80,172,27,8
24.0,19,6,2,3,246,25,16,41,377.55,94,0,1,0,1,0,0,67,170,23,8
10.0,22,6,2,3,361,52,3,28,377.55,94,0,1,1,3,0,4,80,172,27,8
24.0,10,6,3,3,246,25,16,41,377.55,94,0,1,0,1,0,0,67,170,23,24
15.0,23,6,5,3,291,31,12,40,377.55,94,0,1,1,1,0,1,73,171,2150,4
24.0,10,6,6,3,246,25,16,41,377.55,94,0,1,0,1,0,0,67,170,23,8
3.0,11,6,2,3,179,51,18,38,377.55,94,0,1,0,1,0,0,89,170,31,508
14.0,23,6,2,3,155,12,14,34,377.55,94,0,1,130,1,0,0,95,196,25,4
24.0,10,6,2,3,246,25,16,41,377.55,94,0,1,0,1,0,0,67,170,23,8
36.0,13,6,4,3,118,13,18,50,377.55,94,0,1,1,1,0,0,98,178,31,8
1.0,13,6,6,3,235,42,14,37,377.55,94,0,3,1,0,3,1,88,172,29,16
36.0,23,6,3,3,118,13,18,50,377.55,94,0,1,1,1,0,0,98,178,31,1
36.0,13,6,4,3,273,13,18,50,377.55,94,0,1,1,1,0,0,98,178,31,80
23.0,22,6,5,3,378,49,11,36,377.55,94,0,1,2,0,1,4,65,174,21,8
3.0,11,6,6,3,179,51,18,38,377.55,94,0,1,0,1,0,0,89,12070,31,2
32.0,28,6,2,1,289,48,29,49,377.55,94,0,1,0,0,0,2,108,172,36,2
28.0,27,6,5,1,225,26,9,28,377.55,94,0,1,1,0,0,2,69,169,24,2
14.0,19,7,3,1,155,12,14,34,275.312,98,0,1,2,1,0,0,5890,196,25,16
36.0,1,7,4,1,118,13,18,50,275.312,98,0,1,1,1,0,0,98,178,31,8
34.0,27,7,6,1,118,765,10,37,275.312,98,0,1,0,0,0,0,83,172,28,8
34.0,26,7,6,1,118,10,10,37,275.312,98,0,1,0,0,0,0,83,172,28,4
18.0,26,7,3,1,330,16,4,28,275.312,98,0,2,0,0,0,0,84,182,25,8
22.0,18,7,5,1,179,26,9,30,275.312,98,228,3,0,0,0,0,56,171,19,8
14.0,25,7,6,1,155,12,14,34,275.312,98,0,1,2,1,0,0,95,196,25,16
18.0,1,7,2,1,330,16,4,28,275.312,98,0,2,0,0,0,0,84,182,25,8
18.0,1,7,3,1,330,16,4,28,275.312,98,0,2,0,0,0,0,84,182,25,8
30.0,25,7,2,9,157,27,6,29,275.312,98,0,1,0,1,1,0,75,185,22,3
10.0,22,7,3,1,361,52,3,28,275.312,98,0,1,1,1,0,4,80,172,27,8
11.0,26,7,4,1,289,36,13,33,275.312,98,0,1,2,1,0,1,90,172,30,8
3.0,26,7,5,1,179,51,18,38,275.312,119,0,1,0,1,0,0,89,170,31,8
11.0,19,7,2,1,289,36,13,33,275.312,98,0,1,3,1,0,1,90,172,30,32
11.0,19,7,5,1,289,36,13,33,275.312,98,0,1,2,1,0,1,90,172,30,8
20.0,0,7,5,1,260,50,11,36,275.312,98,1,1,4,1,0,0,65,168,23,0
11.0,19,8,6,9,289,36,13,33,265.615,94,0,1,2,1,0,281,90,172,30,8
30.0,19,8,6,1,157,27,6,29,265.615,94,0,1,0,1,1,0,75,185,422,3
11.0,23,8,2,1,289,36,13,33,265.615,94,0,1,2,1,0,1,90,172,30,1
9.0,18,8,3,1,228,14,16,58,265.615,94,0,1,3,0,0,1,65,172,22,8
26.0,13,8,5,1,300,42,13,43,265.615,94,0,1,2,1,1,1,77,175,25,1
26.0,14,8,5,1,300,26,13,43,265.615,94,0,1,2,1,1,1,77,175,25,2
20.0,28,8,6,1,260,50,11,36,265.615,94,0,1,4,1,0,0,65,168,23,4
11.0,23,8,3,1,289,36,13,33,265.615,94,0,1,2,1,0,1,90,172,30,4
33.0,23,8,4,1,248,25,14,47,265.615,94,0,1,2,0,0,1,86,165,32,1
21.0,11,8,5,1,268,11,8,33,265.615,94,0,2,0,0,0,0,79,178,25,8
22.0,23,8,5,1,179,26,9,30,265.615,94,0,3,0,0,0,0,118,171,19,1
36.0,13,8,5,1,118,13,18,50,265.615,94,0,1,1,1,0,0,98,178,31,3
33.0,25,8,2,1,248,25,14,47,265.615,94,0,1,2,0,0,1,86,165,32,2
1.0,23,8,3,1,235,11,14,37,265.615,94,0,3,1,0,0,1,88,172,29,1
36.0,23,8,5,1,118,13,18,50,265.615,94,0,1,1,1,0,0,98,178,31,1
1.0,19,8,5,1,235,11,14,37,265.615,94,0,3,1,0,0,1,88,172,37,8
10.0,8,8,3,1,361,52,3,28,265.615,94,0,1,1,1,0,4,80,172,27,8
27.0,6,8,4,1,184,42,7,27,265.615,94,0,1,0,0,0,0,58,167,21,8
3.0,11,9,2,1,179,51,18,38,294.217,81,0,1,0,1,0,0,89,170,31,8
3.0,23,9,6,1,179,51,18,38,294.217,81,0,1,0,1,0,0,89,170,31,3
11.0,19,9,4,1,289,36,13,33,294.217,81,0,1,2,1,0,1,90,172,30,24
5.0,0,9,5,1,235,20,13,43,294.217,81,1,1,1,1,0,0,106,167,38,0
24.0,9,9,2,1,273,25,16,41,294.217,81,0,1,0,1,0,0,67,170,23,16
15.0,28,9,3,1,291,31,12,40,294.217,81,0,1,1,1,0,1,73,171,25,3
8.0,0,11,3,1,231,35,14,39,294.217,119,1,1,2,1,0,928,100,170,35,0
19.0,0,9,3,1,291,50,12,32,294.217,81,1,1,0,1,0,0,65,169,23,0
3.0,13,9,4,1,179,42,18,38,294.217,81,0,1,0,1,0,0,89,170,31,8
24.0,9,9,4,1,246,42,16,41,294.217,81,0,1,0,1,0,0,67,170,23,32
3.0,23,9,5,1,179,51,18,38,294.217,81,0,1,0,1,0,0,89,170,31,1
15.0,28,9,228,1,291,31,12,40,294.217,81,0,1,1,1,0,1,73,171,25,4
20.0,28,9,6,1,260,50,11,36,294.217,81,541,1,4,1,0,0,65,168,23,4
5.0,26,9,4,4,235,20,13,43,294.217,81,0,1,1,1,0,0,106,167,38,8
36.0,28,9,5,4,118,13,18,50,294.217,81,0,1,1,1,0,0,98,178,31,1
5.0,0,9,5,4,235,20,13,43,294.217,81,1,1,1,1,0,0,106,167,38,0
15.0,28,9,6,4,291,31,12,40,891.217,81,0,1,1,1,0,1,73,171,25,3
15.0,7,9,2,4,291,31,12,40,294.217,81,0,1,1,1,0,1,73,171,25,40
3.0,13,9,2,4,179,51,18,38,294.217,81,0,1,0,1,0,0,89,170,31,8
11.0,24,11,2,4,289,36,13,33,265.017,88,0,1,2,1,0,1,90,172,30,8
1.0,26,10,2,4,235,11,14,37,265.017,88,0,3,1,0,0,1,88,172,29,4
11.0,26,10,2,4,289,36,13,33,265.017,88,0,1,2,1,0,1,90,172,30,8
11.0,22,10,6,4,289,36,13,33,265.017,119,0,1,2,1,0,1,90,172,30,8
36.0,0,10,6,4,118,13,18,50,265.017,88,1,1,1,1,0,0,98,178,31,0
33.0,0,10,6,4,248,25,14,47,265.017,88,1,1,2,0,0,1,86,165,32,0
22.0,1,10,2,4,179,26,9,47,265.017,88,0,3,0,0,0,0,56,171,19,8
34.0,7,10,2,4,118,10,10,37,265.017,88,0,1,0,0,0,0,83,172,28,3
13.0,22,10,2,4,369,17,12,31,265.017,88,0,1,3,1,0,0,70,169,25,8
3.0,28,10,4,4,179,51,18,38,265.017,88,0,1,0,1,0,0,89,170,31,1
22.0,1,10,4,4,179,26,9,30,265.017,88,0,3,0,0,0,0,56,171,19,64
5.0,0,10,4,4,235,20,13,43,265.017,88,1,1,1,1,0,0,106,223,38,0
11.0,19,10,5,4,289,36,13,33,265.017,88,0,1,2,1,0,1,90,172,30,16
20.0,28,10,6,4,260,50,11,36,265.017,88,0,1,4,1,0,0,65,168,23,3
5.0,0,10,6,4,235,20,13,43,265.017,88,1,1,1,1,0,0,106,167,38,0
5.0,23,10,2,4,235,20,13,43,265.017,88,0,1,1,1,0,0,106,167,38,2
5.0,23,10,2,4,235,20,13,43,265.017,88,0,1,1,1,0,0,106,167,38,2
36.0,28,11,3,4,118,13,18,50,265.017,88,0,1,1,1,0,0,98,178,31,16
15.0,28,10,3,4,291,31,12,40,265.017,88,0,1,1,1,0,1,73,171,25,4
22.0,23,10,5,4,179,42,9,30,265.017,88,0,3,0,0,0,0,118,171,19,16
36.0,28,10,5,4,118,13,18,50,265.017,88,0,34,1,3,0,0,98,178,31,1
10.0,10,10,2,4,361,52,3,28,265.017,88,0,1,1,1,0,4,80,172,27,8
20.0,0,10,3,4,260,50,11,36,265.017,88,1,1,4,1,0,0,65,168,23,0
15.0,0,10,3,4,291,31,12,40,265.017,88,1,1,1,1,0,1,73,171,25,0
30.0,27,10,3,4,157,27,6,29,265.017,88,1,1,0,1,1,0,75,185,22,0
22.0,1,650,4,4,179,26,9,30,265.017,88,0,3,0,0,0,0,56,171,19,5
22.0,7,10,4,4,179,26,9,30,265.017,88,0,4,0,0,0,0,56,171,19,5
36.0,23,10,5,4,118,13,18,50,265.017,471,0,1,1,1,0,0,118,178,31,1
34.0,11,11,2,4,118,10,10,37,284.031,97,0,1,0,0,0,0,83,172,28,8
33.0,23,11,2,4,248,25,14,47,284.031,97,0,1,2,0,0,1,86,165,32,2
3.0,6,11,3,4,179,51,18,38,284.031,97,0,1,0,1,0,0,89,170,31,8
20.0,28,11,6,4,260,50,11,36,284.031,97,0,1,4,1,0,0,65,168,23,3
15.0,23,11,2,4,291,31,12,40,284.031,97,0,1,17,1,0,1,73,171,25,1
23.0,1,11,2,4,378,49,11,36,284.031,97,0,1,2,0,1,4,65,174,21,8
14.0,11,11,2,4,155,12,14,34,284.031,97,0,1,2,1,0,0,95,196,25,120
5.0,26,11,2,4,235,20,13,43,284.031,97,0,1,1,1,3,0,106,167,38,8
18.0,0,11,3,4,330,16,4,28,284.031,97,1,2,0,0,473,0,84,182,25,0
1.0,18,11,4,4,235,11,14,37,284.031,97,0,3,1,0,0,1,88,172,29,1
34.0,11,11,4,4,738,10,10,37,284.031,97,0,1,0,0,0,0,83,1720,28,3
1.0,25,11,5,4,235,11,14,37,284.031,97,0,3,1,0,804,6,88,172,29,2
3.0,28,11,5,4,179,51,18,38,264.604,97,0,1,3,1,0,0,89,170,31,3
24.0,13,11,6,4,246,25,16,41,284.031,97,0,1,0,1,0,0,67,170,23,8
15.0,27,11,6,4,291,31,12,40,284.031,97,0,1,1,1,0,1,73,171,25,4
24.0,13,11,2,4,246,25,16,41,284.031,97,0,1,0,1,0,0,67,170,23,8
3.0,28,11,3,4,179,51,18,38,284.031,97,0,1,0,1,0,0,89,170,31,1
20.0,10,11,4,4,260,50,11,47,284.031,97,0,1,4,1,0,0,65,168,23,8
20.0,15,11,6,4,260,50,11,36,284.031,97,0,1,4,1,0,0,65,168,23,8
23.0,0,11,6,4,378,49,11,36,264.604,97,1,1,2,0,1,4,65,174,21,0
7.0,0,11,3,4,279,5,14,39,264.604,97,1,1,2,1,1,0,68,168,24,0
3.0,23,11,5,4,179,51,18,38,284.031,97,0,1,0,1,0,0,89,170,31,1
28.0,12,12,2,4,273,26,9,28,236.629,93,0,1,1,0,0,2,69,169,24,3
3.0,28,12,2,4,179,51,18,38,236.629,93,0,1,0,1,0,0,89,170,31,2
3.0,28,12,2,4,179,51,18,38,236.629,93,0,1,0,1,0,0,89,170,31,1
1.0,23,12,2,4,235,11,14,37,236.629,93,0,3,1,0,0,1,88,172,29,3
36.0,28,12,3,4,118,13,18,50,236.629,93,0,1,1,1,0,0,98,178,31,1
20.0,28,12,6,4,260,50,11,36,236.629,93,0,1,4,1,0,0,65,168,23,4
24.0,4,12,5,4,246,25,16,41,236.629,93,0,1,0,1,0,0,67,170,23,8
3.0,28,12,6,4,179,51,18,38,236.629,93,0,1,0,1,0,0,89,170,31,1
22.0,23,12,3,4,179,26,9,30,236.629,93,0,3,0,0,0,0,118,171,19,1
34.0,25,12,3,4,118,10,10,37,264.604,93,0,1,0,0,0,0,3901,172,28,8
1.0,25,12,5,4,235,11,14,37,236.629,93,0,3,1,0,0,1,88,172,29,2
3.0,28,12,6,4,179,51,18,38,236.629,93,0,1,0,1,3,0,89,170,31,1
5.0,13,12,3,2,235,860,13,43,236.629,93,0,1,1,1,0,0,106,167,38,8
1.0,14,12,3,2,235,11,14,37,236.629,93,0,3,1,0,0,1,88,172,29,4
20.0,26,12,4,2,260,1000,11,36,236.629,93,0,4,4,1,0,0,65,168,23,8
30.0,28,12,2,2,157,27,6,29,264.604,119,0,1,0,1,1,0,75,185,22,2
3.0,28,12,2,2,179,51,18,38,236.629,93,0,1,0,1,0,0,89,170,31,3
11.0,19,12,2,2,289,36,13,33,236.629,93,0,1,2,1,0,1,90,172,30,8
28.0,23,1,4,2,225,26,9,28,330.061,100,0,1,1,0,3,2,69,169,24,5
34.0,19,1,2,2,118,10,10,37,330.061,100,0,1,0,0,0,0,83,172,28,32
14.0,23,1,2,2,155,12,14,34,330.061,100,0,1,2,1,3,0,95,196,25,2
1.0,13,1,3,2,235,11,14,37,330.061,100,0,3,1,0,0,1,88,172,29,1
14.0,23,1,3,2,155,12,14,34,330.061,100,0,1,2,1,0,0,95,196,25,4
11.0,26,1,2,2,289,36,13,47,330.061,100,0,1,2,1,0,1,90,172,30,8
15.0,3,1,4,2,291,31,12,40,330.061,100,0,1,1,1,0,1,73,171,25,8
5.0,26,1,2,2,235,20,13,43,330.061,100,0,1,1,1,0,0,106,167,38,8
36.0,26,1,2,2,118,13,18,50,330.061,100,0,1,1,1,0,0,98,178,31,4
3.0,28,1,4,2,179,51,18,38,330.061,100,0,1,0,1,0,0,89,170,31,1
3.0,28,1,6,2,179,51,18,38,330.061,100,0,1,0,1,0,974,89,170,31,1
34.0,28,2,3,2,118,10,10,37,251.818,96,0,1,0,0,0,0,83,172,28,2
3.0,27,2,4,2,179,51,18,38,251.818,96,0,1,0,1,0,0,89,170,31,3
28.0,7,2,4,2,225,26,9,28,251.818,96,0,1,1,0,0,2,69,169,24,1
11.0,22,2,6,2,289,36,13,33,251.818,96,0,1,2,1,0,1,90,172,30,3
20.0,28,2,6,2,260,50,11,36,251.818,96,0,1,3,1,0,0,65,168,23,3
3.0,23,2,6,2,179,51,18,38,251.818,96,0,1,3,1,0,0,89,170,31,3
3.0,27,2,2,2,179,51,18,38,251.818,96,0,1,0,1,0,6,89,170,31,2
3.0,27,2,4,2,179,51,18,38,251.818,119,0,1,0,1,0,0,772,170,31,3
3.0,10,2,50,2,179,42,18,38,251.818,96,0,1,0,1,0,0,89,170,31,8
24.0,26,2,5,2,246,25,16,41,251.818,96,0,1,0,1,0,0,67,170,23,8
3.0,27,2,6,2,179,51,18,38,251.818,96,0,1,0,1,0,0,89,170,31,3
6.0,22,2,2,2,189,29,13,33,251.818,96,0,1,2,0,3,2,118,167,25,8
3.0,27,2,7,2,179,51,18,38,251.818,243,0,1,0,1,0,0,89,170,31,3
24.0,23,2,3,2,246,25,16,41,251.818,96,0,1,0,1,0,0,67,170,23,2
15.0,23,2,3,2,291,31,12,40,251.818,96,0,1,1,1,0,1,73,171,25,2
30.0,11,2,4,2,157,27,6,29,251.818,96,0,1,0,1,1,0,75,185,22,16
3.0,27,2,4,2,179,51,18,38,251.818,96,0,1,0,1,0,0,89,170,31,3
3.0,27,2,6,2,179,51,18,38,251.818,96,0,1,0,1,0,0,89,170,31,3
24.0,10,2,6,2,246,25,16,41,251.818,96,0,1,0,1,0,0,67,170,23,24
3.0,27,2,4,2,179,51,18,38,251.818,96,0,1,359,1,0,0,89,170,31,3
3.0,27,2,6,2,179,51,18,38,251.818,119,0,1,0,1,0,0,89,170,31,3
34.0,18,3,3,2,118,10,10,37,244.387,98,0,1,0,0,0,0,83,172,28,8
24.0,19,3,4,2,246,25,16,41,244.387,98,0,1,0,1,0,0,5360,170,23,16
24.0,28,3,6,2,246,1175,16,41,244.387,98,0,1,0,1,0,0,67,170,23,2
20.0,28,3,6,2,260,50,11,36,244.387,98,0,1,4,1,0,0,65,168,23,4
3.0,28,3,2,2,179,51,18,38,244.387,98,0,1,0,1,0,0,89,170,31,2
1.0,22,3,2,2,235,11,14,37,244.387,98,0,3,1,0,0,1,88,172,29,8
17.0,22,3,3,2,179,22,17,40,244.387,98,0,2,2,3,1,0,63,170,22,8
23.0,22,3,3,2,378,49,11,36,244.387,98,0,1,2,0,1,4,65,174,21,8
3.0,28,3,2,2,179,51,18,38,244.387,98,0,1,0,1,0,0,89,170,31,16
10.0,22,3,4,2,361,52,3,28,244.387,98,0,1,1,1,0,4,80,172,27,8
13.0,0,3,4,2,369,872,12,31,244.387,98,1,1,3,1,0,0,70,169,25,16
1.0,21,3,5,2,235,11,14,37,244.387,98,0,3,1,0,0,1,88,172,29,8
36.0,23,3,6,3,11328,13,18,50,244.387,98,0,1,1,1,0,0,98,178,31,2
36.0,14,3,3,3,118,13,18,50,244.387,98,0,1,1,1,0,0,98,178,31,3
36.0,13,3,4,3,118,13,18,50,244.387,98,0,1,1,1,0,0,98,178,31,8
1.0,0,3,5,3,235,11,14,37,244.387,98,1,3,1,0,0,1,88,172,29,0
24.0,0,3,5,3,246,25,16,41,244.387,98,1,1,0,1,0,6,67,170,23,0
36.0,0,3,5,3,118,13,18,50,244.387,98,1,1,1,1,0,0,98,178,31,0
3.0,28,3,6,3,179,51,18,38,244.387,98,0,1,0,1,0,0,89,170,31,8
11.0,22,3,6,3,289,36,13,33,244.387,98,0,1,2,1,0,1,90,172,30,8
20.0,19,3,2,3,260,50,11,36,244.387,98,0,1,4,1,0,0,65,168,23,8
24.0,28,3,7,3,246,25,16,41,244.387,98,0,1,0,1,0,0,67,170,23,2
3.0,28,4,4,3,179,51,18,38,239.409,98,0,1,0,1,3,0,89,170,31,4
20.0,28,4,6,3,260,50,11,36,239.409,98,0,1,4,1,0,0,65,168,23,3
18.0,26,4,6,3,330,16,4,28,239.409,98,0,2,0,0,0,0,84,182,25,4
13.0,22,4,2,3,369,17,12,31,239.409,98,0,1,3,1,0,0,70,169,25,4
33.0,26,4,2,3,248,25,14,47,239.409,98,0,1,2,0,0,1,86,165,32,4
18.0,23,4,4,3,330,16,4,28,264.604,98,0,2,0,0,0,0,84,182,25,8
3.0,28,4,4,3,179,42,18,2166,239.409,98,0,1,3,1,0,0,89,170,31,8
36.0,23,4,2,3,118,13,18,50,239.409,98,0,1,1,1,3,0,98,178,31,1
36.0,13,4,4,3,118,13,18,50,239.409,98,0,1,3,1,0,0,98,178,31,120
26.0,28,4,6,3,273,26,13,43,239.409,98,0,1,2,1,1,1,77,175,25,8
20.0,28,4,6,3,260,50,11,36,239.409,98,0,1,4,1,0,0,65,168,23,4
3.0,28,4,2,3,179,51,18,38,239.409,98,0,1,0,1,0,0,89,170,31,4
34.0,11,4,4,3,118,10,10,37,239.409,98,0,1,0,0,0,0,83,172,28,2
5.0,13,5,2,3,235,20,13,43,246.074,99,0,1,3,1,0,0,106,167,38,16
33.0,23,5,4,3,248,25,14,47,246.074,119,2,1,2,0,0,1,86,165,32,2
13.0,10,5,2,3,369,1598,16,31,246.074,99,0,1,3,1,0,0,70,169,25,8
22.0,23,5,4,3,179,26,9,30,246.074,99,0,3,0,0,0,0,56,171,19,16
3.0,28,5,4,3,179,51,18,38,246.074,99,0,1,0,1,0,0,89,170,31,4
10.0,23,5,5,3,361,52,3,28,246.074,99,0,1,1,1,0,4,80,172,27,1
20.0,28,5,6,3,260,50,11,36,246.074,99,0,1,4,1,0,0,65,168,23,3
17.0,11,5,2,3,179,22,17,40,246.074,99,0,2,2,0,1,0,63,170,22,2
17.0,8,5,7,3,179,22,17,40,246.074,99,0,2,2,0,1,0,63,170,22,3
9.0,18,5,4,3,228,14,16,58,246.074,99,0,1,2,0,0,1,65,172,22,8
28.0,25,5,4,3,225,26,9,28,246.074,99,0,1,1,0,0,2,69,169,24,3
18.0,13,5,6,3,330,16,4,28,246.074,99,0,2,0,0,0,0,84,182,25,8
22.0,25,5,2,3,179,26,9,30,246.074,99,0,3,0,0,0,0,56,171,19,2
34.0,28,5,2,3,118,10,10,37,246.074,99,0,1,0,0,0,0,1328,172,28,1
22.0,23,5,4,3,179,26,9,30,246.074,99,0,3,0,0,0,0,56,171,19,3
34.0,23,6,2,3,118,10,10,37,253.957,95,0,1,0,0,0,0,83,172,28,3
3.0,28,6,2,3,179,51,18,38,253.957,95,0,1,3,1,0,0,89,170,31,3
34.0,28,6,3,3,118,10,10,37,253.957,95,0,1,0,0,0,0,83,172,28,2
28.0,23,6,5,3,225,26,9,28,253.957,95,0,1,1,0,0,2,69,169,24,4
20.0,28,6,6,3,260,50,11,36,253.957,95,0,1,4,1,0,0,65,168,23,4
3.0,0,6,6,3,179,51,18,38,253.957,95,1,1,0,1,0,0,89,170,31,0
15.0,13,6,2,3,291,31,12,40,253.957,95,0,1,1,1,0,1,73,171,25,40
3.0,28,6,2,3,179,51,18,38,253.957,95,0,1,0,1,0,0,89,170,31,24
24.0,28,6,3,45,246,25,16,41,253.957,95,0,1,0,1,0,0,67,170,23,3
3.0,28,6,2,3,179,51,18,38,253.957,95,0,1,0,1,0,808,89,170,31,4
5.0,27,6,3,3,235,20,13,1935,253.957,95,0,1,1,1,0,0,106,167,38,8
3.0,28,6,2,1,179,51,18,38,253.957,95,0,1,0,1,0,0,89,170,31,2
28.0,23,6,4,1,225,26,9,28,253.957,95,0,1,1,0,0,2,69,169,24,2
36.0,23,6,4,1,118,13,18,50,253.957,95,2,1,23,1,0,0,98,178,31,2
3.0,5,6,4,1,179,51,18,38,253.957,95,0,1,0,1,0,0,89,170,31,8
22.0,21,6,4,1,179,26,9,30,253.957,95,0,3,0,0,0,0,56,171,19,2
24.0,28,6,6,1,246,25,16,41,253.957,95,0,1,0,1,0,0,67,170,23,2
18.0,11,6,3,1,330,16,4,28,253.957,95,0,2,0,0,0,6,84,182,25,1
1.0,13,6,3,1,235,11,14,37,253.957,95,0,3,1,0,0,1,88,172,29,8
22.0,23,7,5,1,179,26,9,30,230.29,92,0,3,0,0,0,0,56,171,19,2
28.0,25,7,5,1,225,26,9,28,230.29,92,0,1,1,0,0,2,69,169,24,4
20.0,13,7,6,1,260,50,11,36,230.29,92,0,1,4,1,0,0,65,223,23,8
21.0,7,7,2,1,268,11,8,33,230.29,92,0,2,0,0,0,0,79,178,25,8
18.0,25,7,6,1,330,16,4,28,230.29,92,0,2,0,0,0,0,84,182,25,8
34.0,26,7,6,1,118,10,10,37,230.29,92,0,1,0,0,0,0,83,172,28,8
20.0,26,7,2,1,260,50,11,36,230.29,92,0,1,4,1,0,0,65,168,23,4
26.0,15,7,2,1,300,26,13,43,230.29,92,0,1,2,1,1,1,77,175,25,8
2.0,23,7,2,1,235,29,12,48,230.29,92,0,1,1,0,1,5,88,163,33,1
24.0,28,7,3,1,246,25,16,41,230.29,92,0,1,0,1,0,0,67,170,23,2
28.0,9,7,3,1,225,26,9,28,230.29,92,0,1,1,0,0,2,69,169,24,112
3.0,28,7,3,1,179,51,18,38,230.29,92,0,1,0,1,0,0,89,170,31,1
36.0,23,7,6,1,118,13,18,50,230.29,92,0,1,1,1,0,0,98,178,31,1
10.0,27,7,6,1,361,52,3,28,230.29,92,0,1,1,1,0,4,80,172,27,16
11.0,22,7,2,1,273,36,13,33,230.29,92,0,1,2,1,0,1,90,172,30,8
5.0,26,11,2,1,235,20,13,43,230.29,92,0,1,1,1,0,0,106,167,38,8
24.0,28,7,3,1,246,25,16,41,230.29,92,0,1,0,1,0,6,67,170,23,2
15.0,28,7,5,1,291,31,12,40,931.29,92,0,4,828,1,0,1,73,171,25,1
7.0,23,7,5,1,279,5,14,39,230.29,92,0,1,2,1,1,0,68,168,24,2
3.0,25,8,5,1,179,51,18,38,249.797,119,0,1,0,3,0,0,89,170,31,4
17.0,25,8,2,1,179,22,17,40,249.797,93,0,2,2,0,1,0,63,170,22,1
24.0,28,8,3,1,246,25,16,41,249.797,93,0,1,0,1,0,0,67,170,23,4
34.0,28,8,3,1,118,10,10,37,249.797,93,0,1,0,0,0,0,83,172,28,4
11.0,26,8,3,1,289,36,13,33,249.797,93,0,1,2,1,0,1,90,172,30,8
5.0,26,8,3,1,235,20,13,43,249.797,93,0,1,1,1,0,0,106,167,38,8
15.0,28,8,5,1,291,31,12,40,249.797,93,0,1,1,1,0,1,73,171,25,4
3.0,25,8,2,1,179,51,18,38,249.797,93,0,1,0,1,0,0,89,170,31,4
17.0,25,8,3,1,179,22,17,40,249.797,93,0,2,2,0,1,0,63,170,22,8
18.0,23,8,5,1,273,16,4,28,249.797,93,0,2,0,0,0,0,84,182,25,16
1.0,23,8,3,1,235,11,14,37,249.797,93,0,3,1,0,0,6,88,172,29,4
24.0,28,8,3,1,246,25,16,41,249.797,93,0,1,0,1,0,0,67,170,23,1
34.0,28,8,3,1,118,10,10,37,249.797,93,0,1,0,0,0,0,83,172,28,5
15.0,28,8,5,1,273,31,12,40,249.797,93,0,1,1,1,0,1,73,171,25,2
20.0,28,8,2,1,260,50,11,36,249.797,93,0,1,4,1,0,0,65,168,23,3
24.0,28,9,3,1,246,25,16,41,261.756,87,0,1,0,1,0,0,67,170,23,1
24.0,28,9,3,1,246,25,16,41,261.756,87,0,1,0,1,0,0,67,170,23,1
34.0,28,9,3,1,118,10,10,37,261.756,87,0,1,0,0,0,0,83,172,28,3
14.0,23,9,3,1,155,12,14,34,261.756,87,0,1,2,1,0,0,95,196,696,2
15.0,28,855,5,1,273,31,12,40,261.756,87,0,1,1,1,0,1,73,171,25,2
22.0,23,9,6,79,179,26,9,30,261.756,87,0,3,0,0,0,6,56,171,19,8
33.0,23,9,6,1,248,25,14,47,261.756,87,0,4,2,0,0,1,86,165,32,1
3.0,23,9,2,1,179,51,18,38,261.756,87,0,1,0,1,0,0,89,170,31,4
28.0,27,9,4,1,225,26,9,28,261.756,87,0,1,1,0,0,2,69,169,24,1
22.0,23,9,2,1,179,26,9,30,261.756,87,0,3,0,0,0,0,56,171,19,2
13.0,23,9,3,4,369,17,12,31,264.604,87,0,1,3,1,0,0,70,169,25,8
10.0,22,9,3,4,361,52,3,28,261.756,87,0,1,1,1,0,4,80,172,27,8
32.0,4,10,5,4,289,48,29,49,284.853,91,0,1,0,0,0,2,108,172,36,1
25.0,11,10,5,4,235,16,8,32,284.853,91,0,3,0,0,0,0,75,178,25,3
24.0,26,10,6,4,246,25,16,41,284.853,91,0,1,0,1,0,0,67,170,23,8
32.0,1008,10,4,4,289,48,29,49,284.853,91,0,1,0,0,0,2,108,172,36,3
15.0,28,10,4,4,291,31,12,40,284.853,91,0,1,1,1,0,6,73,171,25,2
34.0,23,10,3,4,118,10,10,37,284.853,91,0,1,0,0,0,0,83,172,28,2
32.0,23,10,5,4,289,48,29,49,284.853,91,0,1,0,0,0,2,108,172,36,2
15.0,23,10,7,4,291,31,12,40,284.853,91,0,1,1,1,0,1,73,171,25,1
28.0,23,11,3,4,225,26,9,28,284.853,91,0,1,1,0,0,2,69,169,24,2
13.0,23,10,3,4,369,17,12,31,284.853,91,0,1,3,1,0,0,70,169,25,8
28.0,23,10,3,4,225,26,9,28,284.853,91,0,1,1,0,0,2,69,169,24,4
13.0,26,10,3,4,369,17,12,31,284.853,91,0,1,3,1,0,0,70,169,25,16
3.0,28,10,4,4,179,51,18,38,284.853,91,0,1,0,1,0,0,89,170,37,3
9.0,1,10,4,4,228,14,16,58,284.853,91,0,1,2,0,0,1,65,172,22,1
15.0,23,10,4,4,291,31,12,40,284.853,91,0,1,1,1,0,1,73,171,25,1
13.0,10,580,5,4,369,17,12,31,284.853,91,0,1,3,1,0,0,70,169,25,8
28.0,13,10,5,4,225,26,9,28,284.853,91,0,1,1,0,0,2,69,169,24,1
13.0,10,10,6,4,369,42,12,31,284.853,91,0,1,3,1,0,0,70,169,25,8
28.0,10,10,6,4,225,26,9,28,284.853,91,0,1,1,0,0,2,69,169,24,3
6.0,23,10,2,4,189,29,13,33,284.853,91,0,1,3,0,0,2,69,167,25,8
25.0,6,10,2,4,235,16,16,32,284.853,91,0,3,0,0,0,0,75,178,25,8
33.0,10,10,2,4,248,25,14,47,284.853,91,0,1,2,0,0,1,86,165,32,8
28.0,0,10,2,4,225,26,9,28,284.853,91,1,1,1,0,0,2,69,169,37,0
28.0,13,10,3,4,225,26,16,28,284.853,91,0,1,1,0,0,2,69,169,24,3
3.0,21,11,3,4,179,51,18,38,268.519,93,0,1,0,1,0,0,89,170,31,1
34.0,28,11,4,4,118,10,10,37,268.519,93,0,1,0,0,0,0,83,172,28,3
18.0,2,11,4,4,330,16,4,28,268.519,93,0,2,0,0,0,0,84,182,25,24
3.0,28,11,6,4,179,51,18,38,268.519,93,0,1,0,1,0,0,89,170,31,1
34.0,9,11,3,4,118,10,10,37,268.519,93,0,1,0,0,0,0,83,172,28,8
11.0,24,11,4,4,289,36,13,33,268.519,93,0,1,2,3,0,1,90,172,30,8
25.0,1,11,6,4,235,16,8,32,268.519,93,0,3,0,0,0,0,75,178,25,8
28.0,23,638,6,4,225,26,9,28,268.519,93,0,1,1,0,0,2,69,169,24,4
10.0,22,11,3,4,361,52,3,28,264.604,93,0,1,1,1,0,4,80,172,27,8
15.0,28,11,4,4,291,31,12,40,268.519,93,0,1,1,1,0,1,73,171,25,2
34.0,13,11,5,4,118,10,10,37,268.519,93,0,1,0,0,0,0,1080,172,28,2
28.0,14,11,5,4,225,26,9,28,268.519,93,0,1,1,0,0,2,69,169,24,3
3.0,28,11,2,4,179,51,16,38,268.519,93,0,1,0,1,0,0,89,170,31,1
34.0,576,11,2,4,118,10,10,37,268.519,93,0,1,0,0,0,0,83,172,28,8
34.0,8,11,3,4,118,10,10,37,268.519,93,0,1,0,0,0,0,83,172,28,8
28.0,23,11,3,4,225,26,9,28,268.519,93,0,1,1,0,0,2,69,169,24,2
15.0,0,11,3,4,291,31,12,40,268.519,93,1,1,1,1,0,1,73,171,25,0
11.0,0,11,4,4,289,36,13,33,268.519,93,1,1,2,1,0,1,90,172,30,0
33.0,14,11,5,4,248,25,14,47,268.519,93,0,1,2,0,0,1,86,165,32,4
5.0,0,11,5,4,235,20,13,43,268.519,93,1,1,1,1,0,0,106,167,38,0
28.0,23,11,6,4,225,26,9,28,268.519,93,0,1,1,0,0,2,69,169,24,2
13.0,26,11,6,4,369,17,12,31,268.519,93,0,1,3,1,0,0,70,169,25,8
10.0,28,11,2,4,361,52,3,28,268.519,93,0,1,1,1,0,4,80,172,27,2
3.0,13,12,3,4,179,51,18,38,280.549,98,0,49,0,1,0,0,89,170,31,32
15.0,28,12,4,4,291,31,12,40,280.549,1010,0,1,1,1,0,1,73,171,25,1
28.0,23,12,4,4,225,26,9,28,280.549,98,0,1,1,0,0,2,570,169,24,3
22.0,13,12,6,4,179,26,9,30,280.549,98,0,3,0,0,0,0,56,171,19,1
28.0,23,12,6,4,225,26,9,28,280.549,98,0,1,1,0,0,2,69,169,24,3
28.0,27,12,4,4,225,26,9,28,280.549,98,0,1,1,0,3,2,69,169,24,3
10.0,14,12,5,4,361,52,3,28,280.549,98,0,1,1,1,0,4,80,223,27,4
17.0,18,12,6,4,179,22,17,40,280.549,98,0,2,2,0,1,0,63,170,22,2
5.0,26,12,264,4,235,20,13,43,280.549,4998,0,1,1,1,0,0,106,167,38,8
12.0,125,12,2,4,233,51,1,31,601.549,98,0,2,1,1,0,8,68,178,21,8
22.0,13,12,3,4,179,26,9,30,280.549,98,0,3,0,0,0,0,56,171,19,16
28.0,23,12,3,4,225,26,9,28,280.549,98,0,1,1,0,0,2,69,169,24,2
28.0,23,12,5,4,225,26,9,28,280.549,98,0,1,1,0,0,2,69,169,24,3
28.0,23,12,2,4,225,26,9,28,280.549,9016,0,1,1,0,0,2,69,169,24,2
14.0,18,12,3,2,155,12,14,34,280.549,98,0,1,2,1,0,0,95,196,25,80
22.0,12,1,2,2,179,26,9,30,313.532,96,0,3,0,0,0,0,56,171,19,24
22.0,12,1,5,2,179,26,9,30,313.532,96,0,3,0,0,0,0,56,171,19,16
17.0,25,1,5,2,273,22,17,40,313.532,96,0,2,2,0,1,0,63,170,22,2
17.0,25,1,6,2,179,22,17,40,313.532,96,0,2,2,0,1,0,63,170,22,2
22.0,13,1,2,2,179,26,9,47,313.532,96,0,3,0,0,0,0,56,171,19,3
17.0,25,1,4,2,179,22,17,40,264.604,96,0,2,2,0,1,0,63,170,22,2
32.0,10,1,5,2,289,48,29,49,17244.26,96,0,1,0,0,0,2,108,172,37,8
17.0,1000,1,6,2,179,22,17,40,313.532,96,0,2,2,0,1,0,63,170,22,3
22.0,27,1,2,2,179,26,9,30,313.532,96,0,3,0,0,3,0,56,171,19,2
14.0,18,11,3,2,155,12,14,34,313.532,96,0,1,2,1,0,0,95,196,25,8
22.0,27,1,4,2,179,26,9,30,313.532,96,0,3,0,0,0,0,56,171,19,2
3.0,27,1,4,2,179,51,18,38,313.532,96,2,1,0,1,0,0,89,170,31,3
11.0,13,1,761,2,289,36,13,33,313.532,96,0,1,2,1,0,1,90,172,30,8
3.0,27,1,5,2,179,51,18,38,313.532,96,0,1,0,1,0,0,89,170,31,3
3.0,27,1,6,2,179,51,18,38,313.532,96,0,1,0,1,0,0,89,170,31,2
3.0,13,2,3,2,179,51,18,38,264.249,97,0,1,0,1,0,0,89,170,31,8
28.0,23,2,3,2,225,26,9,28,264.249,97,0,1,1,0,0,2,3450,169,24,16
33.0,1,2,4,2,248,25,14,47,264.249,97,0,1,2,0,0,1,86,165,32,8
3.0,27,2,4,2,179,51,18,38,264.249,97,0,4,0,1,0,0,89,170,31,16
28.0,28,2,5,2,225,26,9,28,264.249,97,0,1,1,0,0,2,69,169,24,3
3.0,27,2,5,2,179,51,18,38,264.249,97,0,1,0,1,0,0,89,170,31,2
22.0,27,2,5,2,179,26,180,30,264.249,97,0,3,0,0,3,0,56,171,19,2
29.0,28,2,6,2,225,15,15,41,264.249,97,0,4,2,1,0,2,94,182,28,2
3.0,27,2,6,2,179,51,18,38,264.249,97,0,1,0,1,0,0,89,170,37,2
12.0,19,2,2,2,233,51,1,31,264.249,97,0,2,1,1,0,8,68,178,21,2
3.0,27,2,2,2,179,51,18,38,264.249,97,0,1,0,1,0,0,89,170,31,2
28.0,7,2,3,2,225,26,9,28,264.249,97,0,1,1,0,0,2,69,169,24,8
3.0,27,2,4,2,179,51,18,38,264.249,97,0,1,0,1,0,0,89,170,31,3
3.0,27,2,5,2,179,51,18,38,264.249,97,0,1,0,1,0,0,89,170,31,3
28.0,25,2,5,2,225,26,9,28,264.249,97,2,1,1,0,0,6,69,169,24,16
22.0,13,2,5,2,179,42,9,30,264.249,97,0,3,0,0,0,0,56,171,1083,2
17.0,23,2,6,2,179,22,17,40,264.249,97,0,2,2,0,1,0,63,170,22,2
3.0,27,2,6,2,179,51,18,38,264.249,97,0,1,0,1,0,0,89,170,31,3
12.0,12,2,4,2,233,51,1,31,264.249,97,0,2,1,1,0,8,68,178,21,3
22.0,27,2,4,2,179,26,9,30,264.249,97,0,3,0,0,0,0,56,171,19,2
3.0,27,2,4,2,179,51,18,38,264.249,97,0,1,0,1,0,6,89,170,31,2
3.0,27,2,6,2,179,51,18,38,264.249,97,0,1,0,1,0,0,89,170,31,2
14.0,25,2,2,2,155,12,14,34,264.249,97,0,1,2,1,0,0,95,196,25,5
25.0,25,2,2,2,235,16,8,32,264.249,97,0,3,0,0,0,0,75,178,25,3
3.0,27,2,2,2,179,51,18,38,264.249,97,0,1,0,1,0,0,89,170,31,2
28.0,7,2,2,2,225,26,9,28,264.249,97,0,1,1,0,0,2,69,169,24,2
3.0,27,2,3,2,179,51,18,38,264.249,97,0,1,0,1,0,0,89,170,31,2
33.0,23,2,3,2,248,25,14,47,264.249,97,0,1,2,0,0,1,86,165,37,2
28.0,25,2,3,2,225,26,9,28,264.249,97,0,1,1,0,0,2,69,169,24,2
3.0,27,2,4,2,179,51,18,38,264.249,97,0,1,0,1,0,0,89,170,31,2
3.0,27,2,5,2,179,51,18,38,264.249,97,0,1,0,1,0,0,89,170,31,2
25.0,25,2,6,2,235,16,8,32,264.249,97,0,3,0,0,0,0,75,178,25,2
3.0,27,3,2,2,179,51,18,38,222.196,99,0,1,0,1,0,0,89,170,31,2
33.0,23,3,2,2,248,42,14,47,222.196,99,0,1,2,0,0,1,86,165,32,2
9.0,25,3,3,2,228,14,16,58,264.604,99,0,1,2,0,0,1,65,172,22,3
33.0,25,3,3,2,248,25,14,47,222.196,99,0,1,2,0,0,1,86,165,32,3
9.0,12,3,3,2,228,14,16,58,222.196,99,0,1,2,0,0,231,65,172,22,112
3.0,27,3,4,2,179,51,18,38,222.196,99,0,1,0,1,0,0,89,170,31,2
28.0,27,3,5,2,225,26,9,28,222.196,99,0,1,1,0,0,2,69,169,24,2
3.0,27,3,5,2,179,51,18,38,222.196,99,0,1,0,1,0,0,89,170,2077,3
28.0,450,3,5,2,225,26,9,28,222.196,99,0,1,1,0,0,2,69,169,24,2
22.0,27,3,7,2,179,26,9,47,222.196,99,0,4,0,0,0,0,56,171,19,3
25.0,25,3,2,2,235,16,8,32,222.196,99,0,3,0,0,0,0,75,178,25,3
10.0,19,3,2,2,361,52,3,28,222.196,99,0,1,1,1,0,4,80,172,27,8
3.0,13,3,3,2,179,51,18,38,222.196,99,0,1,0,1,0,0,89,170,31,8
3.0,27,3,4,2,179,51,18,38,222.196,99,0,1,0,1,0,0,89,170,31,2
3.0,27,3,5,2,179,51,18,38,222.196,99,0,1,0,1,0,0,89,170,31,3
22.0,27,3,6,2,942,26,9,30,222.196,99,0,3,0,0,0,0,56,171,19,2
3.0,10,3,7,2,179,51,18,38,222.196,99,0,1,0,1,0,0,89,170,31,4
33.0,13,3,2,2,248,25,14,47,222.196,99,0,1,2,0,0,1,86,165,32,2
3.0,27,3,2,2,179,51,18,38,222.196,99,0,1,0,1,0,0,89,170,31,16
28.0,7,3,2,2,225,26,9,28,13553.956,99,0,1,1,0,0,2,69,169,24,8
3.0,27,3,171,2,179,51,18,38,222.196,99,0,1,0,1,0,0,89,170,31,2
11.0,23,3,4,2,289,36,13,33,222.196,99,0,1,2,1,0,6,90,172,30,8
9.0,25,3,4,2,228,14,16,58,222.196,99,0,1,2,0,0,1,65,172,22,2
33.0,23,3,7,2,248,25,14,47,222.196,99,0,1,2,0,0,1,86,165,32,3
3.0,27,3,5,2,179,51,18,38,222.196,99,0,1,0,1,0,0,89,223,31,3
22.0,23,3,6,2,179,26,9,30,222.196,99,0,3,0,3,0,0,56,171,19,2
3.0,27,3,6,2,179,42,18,38,222.196,99,0,1,0,1,0,0,89,170,31,3
3.0,27,3,3,3,179,51,18,38,222.196,99,0,1,0,1,0,0,89,170,31,3
16.0,23,3,4,3,118,15,24,46,222.196,99,0,1,2,1,1,0,75,175,25,16
14.0,13,3,4,3,155,12,14,34,222.196,99,0,1,2,1,0,0,95,196,25,24
3.0,27,3,4,3,179,51,18,38,222.196,99,0,1,0,1,0,0,89,170,31,3
3.0,27,3,5,3,179,51,18,38,222.196,99,0,1,0,1,0,0,89,170,31,3
22.0,13,3,2,3,179,26,9,2190,222.196,99,0,3,0,0,0,0,56,171,19,2
11.0,19,3,2,3,289,36,13,33,222.196,99,0,1,2,1,0,1,90,172,30,104
13.0,22,3,4,3,369,17,12,31,222.196,99,0,1,3,1,0,0,70,169,25,8
28.0,13,4,2,3,225,26,9,28,246.288,91,0,1,1,0,0,2,5313,169,24,8
34.0,10,4,2,3,118,10,10,37,246.288,91,0,1,0,0,0,0,83,172,28,8
10.0,19,4,3,3,361,52,3,28,246.288,91,0,1,1,1,0,4,80,172,27,8
33.0,19,4,4,3,248,25,14,47,246.288,91,0,1,2,0,0,1,86,165,32,8
6.0,13,4,5,3,189,29,13,33,246.288,91,0,1,2,0,0,2,69,167,25,8
22.0,27,4,6,3,179,2080,9,30,246.288,91,0,3,0,0,0,0,56,171,19,2
13.0,7,4,2,3,369,17,12,31,246.288,91,0,1,3,1,0,0,70,169,25,24
17.0,16,4,3,3,179,22,17,40,246.288,91,0,2,2,0,1,0,63,170,22,2
36.0,23,4,3,3,118,13,18,50,246.288,91,0,1,1,1,0,0,98,223,31,3
10.0,23,4,3,3,361,52,3,28,246.288,91,0,1,1,1,0,4,80,172,27,2
34.0,10,4,4,3,118,10,10,37,264.604,91,0,1,0,0,0,0,83,172,28,2
1.0,22,4,6,3,235,11,14,37,246.288,91,0,3,1,0,0,1,88,172,29,8
22.0,27,4,6,3,179,26,9,30,246.288,91,0,3,0,0,0,0,56,171,19,2
28.0,19,4,2,3,225,26,9,28,246.288,91,0,1,1,0,0,2,69,169,24,8
25.0,16,4,72,3,235,16,8,32,246.288,91,0,3,0,0,0,0,75,178,25,3
22.0,27,4,6,3,179,26,9,30,246.288,91,0,4,0,0,0,0,56,171,19,2
14.0,28,4,3,3,155,12,14,34,246.288,91,0,1,2,1,0,0,95,196,25,4
28.0,19,4,5,3,225,26,9,28,246.288,91,0,755,1,0,0,2,69,169,24,8
36.0,14,224,5,3,118,13,18,50,754.288,91,0,1,1,1,0,0,98,178,31,2
22.0,27,4,186,3,273,26,9,30,246.288,91,0,3,0,0,0,0,56,171,19,2
1.0,22,5,2,3,235,11,14,37,237.656,99,0,3,1,0,0,1,88,172,29,8
29.0,19,5,4,3,225,15,15,41,237.656,99,0,4,2,1,0,2,94,182,28,3
25.0,28,5,4,3,235,16,8,32,237.656,99,0,3,0,0,0,0,75,178,25,2
34.0,8,5,7,3,118,10,10,37,237.656,99,0,1,0,0,0,0,83,172,28,3
5.0,26,5,4,3,235,20,13,43,237.656,99,0,1,1,1,0,0,106,167,38,8
22.0,13,5,5,3,179,26,9,30,237.656,99,0,3,0,0,0,0,56,171,19,16
15.0,28,5,5,3,291,31,12,40,237.656,99,0,1,1,1,0,1,73,171,25,2
29.0,14,5,5,3,225,15,15,47,237.656,99,0,4,2,1,0,2,94,182,28,8
26.0,19,5,6,3,300,26,13,43,237.656,99,0,1,2,1,3,1,77,175,25,4032
29.0,22,5,6,3,225,15,15,41,237.656,99,0,4,2,1,0,2,94,182,28,8
22.0,27,5,6,3,179,26,9,30,237.656,99,0,3,0,0,0,0,56,171,19,2
36.0,23,5,2,3,118,13,18,50,237.656,99,0,1,1,1,0,0,98,178,31,16
36.0,5,5,3,3,118,13,18,50,237.656,99,0,1,1,1,0,0,98,178,31,3
34.0,28,5,3,3,118,10,10,37,237.656,99,0,1,0,0,0,0,83,172,28,1
36.0,0,5,3,3,118,13,18,50,237.656,99,1,1,1,1,0,0,98,178,31,0
22.0,27,5,4,3,179,26,9,30,237.656,99,0,3,0,0,0,0,56,171,19,2
23.0,0,5,4,3,378,49,11,36,237.656,99,1,1,2,0,1,4,65,174,21,0
17.0,16,5,6,3,179,42,17,40,237.656,99,0,2,3,0,1,0,63,170,22,1
14.0,10,5,2,3,155,12,14,34,237.656,99,0,1,2,1,0,0,95,196,25,48
25.0,10,5,2,3,235,16,8,32,237.656,99,0,3,0,0,0,0,75,178,25,8
15.0,22,5,4,3,291,31,12,40,237.656,99,0,1,1,1,0,1,73,171,25,8
17.0,10,5,4,3,179,22,17,40,264.604,99,0,2,2,0,1,0,63,170,22,8
28.0,6,5,4,3,225,26,9,28,237.656,99,0,1,1,0,0,2,69,169,24,3
18.0,10,5,5,3,330,16,4,28,237.656,99,0,2,0,0,0,0,84,774,25,8
25.0,23,5,5,3,235,16,8,32,237.656,99,0,3,0,0,0,0,75,178,25,2
15.0,28,5,5,3,273,31,12,40,237.656,99,0,1,1,1,0,722,73,4617,25,2
22.0,27,5,6,3,179,26,9,30,237.656,99,0,3,0,0,0,0,56,171,19,2
10.0,7,5,2,3,361,52,3,28,237.656,99,0,1,1,1,0,4,80,172,27,8
14.0,23,5,4,3,155,12,14,34,237.656,99,2,1,2,1,0,0,95,196,25,2
17.0,25,5,6,3,179,22,425,40,237.656,99,0,2,2,0,1,0,63,170,22,680
14.0,10,5,6,246,155,12,14,34,237.656,99,0,1,2,1,0,0,95,196,25,8
28.0,11,5,2,3,225,26,9,28,15447.64,99,0,1,1,0,0,2,69,169,24,1
120.0,7,6,4,3,118,15,24,46,275.089,96,0,1,2,1,1,0,75,175,25,8
22.0,27,6,4,9,179,26,9,30,275.089,96,0,3,0,0,0,0,56,171,19,3
34.0,26,6,6,3,118,42,10,37,275.089,96,0,1,0,0,0,0,83,172,28,8
34.0,10,6,4,3,118,10,10,37,275.089,96,0,1,0,0,0,0,83,172,28,8
23.0,22,6,5,3,378,49,11,36,275.089,96,0,1,2,0,1,4,65,174,21,8
36.0,19,6,5,3,118,13,18,50,275.089,96,0,1,1,1,0,0,98,178,31,24
12.0,19,6,6,3,233,51,1,31,275.089,96,0,2,1,1,0,8,68,178,21,8
22.0,27,6,6,3,179,26,9,30,275.089,96,0,3,0,0,0,0,56,171,19,2
2.0,0,6,2,3,235,29,12,48,275.089,96,1,1,1,745,1,5,88,163,33,0
21.0,0,6,2,3,268,11,8,33,275.089,96,1,2,0,0,0,0,79,178,25,0
36.0,19,6,5,3,118,13,18,50,275.089,96,0,1,1,1,0,0,98,178,31,3
22.0,13,6,5,3,179,26,9,30,275.089,96,0,3,0,0,0,0,56,171,19,2
15.0,28,6,5,3,291,31,12,40,275.089,96,0,1,1,1,0,1,73,171,25,2
22.0,13,6,2,1,179,26,9,30,275.089,96,0,3,0,0,0,0,56,171,19,3
34.0,25,6,2,1,118,10,10,37,275.089,96,0,1,0,0,0,0,83,172,28,3
12.0,22,6,5,1,233,51,1,31,275.089,96,0,2,1,1,0,8,68,178,21,8
34.0,8,6,6,1,118,10,10,37,275.089,96,0,1,0,0,0,0,83,172,28,2
34.0,10,6,4,1,118,10,10,37,275.089,96,0,1,0,0,0,0,83,172,28,3
12.0,22,6,4,1,233,51,1,31,275.089,96,0,2,1,1,0,8,68,178,21,618
5.0,26,7,4,1,235,20,13,43,264.604,93,0,1,1,1,0,0,106,167,38,4
12.0,19,7,6,1,233,51,1,31,264.604,93,0,2,1,1,0,8,68,178,21,2
9.0,6,7,2,1,228,14,16,58,264.604,93,0,1,2,0,0,1,65,172,22,8
34.0,28,7,2,1,118,10,10,740,264.604,93,0,1,0,0,0,0,83,172,28,4
9.0,6,7,3,1,228,14,16,58,264.604,93,0,1,2,0,0,1,65,172,22,120
560.0,22,7,3,1,189,29,13,33,264.604,93,0,1,2,0,0,2,250,167,25,16
34.0,23,7,4,1,118,10,10,37,264.604,93,0,1,0,3,0,0,83,172,28,2
110.0,22,7,4,1,361,52,3,28,264.604,93,0,1,1,1,0,4,80,172,27,8
28.0,22,7,4,1,225,26,9,28,264.604,93,0,1,22,0,0,2,69,169,24,8
13.0,13,7,2,1,369,17,12,31,264.604,93,0,1,3,1,0,0,70,169,25,80
11.0,14,7,3,1,289,36,13,33,264.604,93,0,1,2,1,0,1,90,172,30,8
1.0,11,7,3,1,235,11,14,37,264.604,93,0,3,1,0,0,1,88,172,29,4
4.0,0,0,3,1,118,14,13,40,271.219,95,0,1,1,1,0,8,98,170,34,0
8.0,0,0,4,2,231,35,14,39,271.219,95,0,1,2,1,0,2,100,170,35,0
35.0,0,0,6,3,179,45,14,53,271.219,95,0,1,1,0,0,1,77,175,25,0
34.0,25,6,2,1,273,10,10,37,275.089,96,0,1,3,0,0,0,83,172,28,3
36.0,0,10,4,4,118,13,18,50,253.465,93,1,1,1,1,0,0,98,178,31,0
25.0,25,3,2,2,235,16,8,32,222.196,99,0,3,0,0,3,0,75,178,25,3
20.0,28,11,6,4,260,50,11,36,284.031,97,0,1,4,1,0,0,65,168,23,3
15.0,28,10,4,4,291,31,12,40,284.853,91,0,1,1,1,0,1,73,171,25,2
28.0,14,11,5,4,225,26,9,28,268.519,93,0,1,1,0,0,2,69,169,24,3
24.0,28,7,3,1,246,25,16,41,230.29,92,0,1,0,1,0,0,67,170,23,2
28.0,23,10,4,4,21375,26,9,28,253.465,93,0,1,1,0,0,2,69,169,24,2
22.0,23,2,3,2,179,26,9,30,302.585,99,0,3,0,0,0,0,56,171,19,1
5.0,26,12,6,4,235,20,13,43,280.549,98,0,1,1,1,0,0,106,167,38,8
3.0,23,10,3,4,179,51,18,38,253.465,93,0,1,0,1,0,0,89,170,37,3
35.0,0,0,6,3,179,45,14,53,264.604,95,0,1,1,0,0,90,77,175,25,0
3.0,27,2,4,2,179,51,18,38,251.818,96,0,1,0,1,0,0,89,170,31,3
